month_name,cost
January,1586156.3261818844
February,3027259.807769839
March,2732055.7654951154
April,3123562.752821262
May,3519382.8297924697
June,2073663.8433180035
July,4119239.6072569555
August,2233426.9887721627
